{
  "0": {
    "name": "Arrhenius",
    "domain": "Chemistry",
    "pysr_only": {
      "condition": "pysr_only",
      "success": true,
      "timed_out": false,
      "excluded_from_timing": false,
      "train_r2": 0.9973868564574786,
      "train_rmse": 0.07601280471135141,
      "extrap_r2_near": 0.9778847637885211,
      "extrap_r2_medium": 0.4635773833886594,
      "extrap_r2_far": -12.555234995504891,
      "extrap_rmse_near": 12.86869046563453,
      "extrap_rmse_medium": 473.72696976296527,
      "extrap_rmse_far": 90350.13329198271,
      "sr_time_s": 1115.6478779315948,
      "llm_time_s": 0.0,
      "total_time_s": 1115.6868906021118,
      "best_expression": "exp(6.5662503*cos(log(0.31473005*T**2)))",
      "complexity": 10,
      "llm_expression": null,
      "llm_confidence": null
    },
    "hypatia": {
      "condition": "hypatia",
      "success": true,
      "timed_out": false,
      "excluded_from_timing": false,
      "train_r2": 0.9978836097730611,
      "train_rmse": 0.06840738637648054,
      "extrap_r2_near": 0.9977108323782427,
      "extrap_r2_medium": 0.995674337179431,
      "extrap_r2_far": 0.9028404461233633,
      "extrap_rmse_near": 4.140257579290442,
      "extrap_rmse_medium": 42.54033464945008,
      "extrap_rmse_far": 7649.23543305404,
      "sr_time_s": 486.58098435401917,
      "llm_time_s": 0.0,
      "total_time_s": 486.58098435401917,
      "best_expression": "0.008388132 + sqrt(sqrt(sqrt((((3.6993294 / (0.514701 + T)) / 6.0391355e6) + (exp((3.6993294 - (1601.9565 / T)) * 29.769068) * 1.0955496)) / exp(0.5641283))) - 0.0055084806)",
      "complexity": 173,
      "llm_expression": null,
      "llm_confidence": null,
      "engine_version": "5.4",
      "scale_log": false,
      "rmse_original_units": 0.06840738637648054,
      "llm_mode_used": "hybrid",
      "validation_score": 84.1
    }
  },
  "1": {
    "name": "Henderson-Hasselbalch",
    "domain": "Chemistry",
    "pysr_only": {
      "condition": "pysr_only",
      "success": true,
      "timed_out": false,
      "excluded_from_timing": false,
      "train_r2": 0.933886222857237,
      "train_rmse": 0.15047404471608417,
      "extrap_r2_near": 0.8003518643864034,
      "extrap_r2_medium": 0.9850116232636903,
      "extrap_r2_far": 0.8003518643864034,
      "extrap_rmse_near": 0.033442875431643516,
      "extrap_rmse_medium": 0.04728710643799165,
      "extrap_rmse_far": 0.033442875431643516,
      "sr_time_s": 937.7559196949005,
      "llm_time_s": 0.0,
      "total_time_s": 937.7842698097229,
      "best_expression": "5.8345222 - HA/((A + HA)/2.1041594)",
      "complexity": 9,
      "llm_expression": null,
      "llm_confidence": null
    },
    "hypatia": {
      "condition": "hypatia",
      "success": true,
      "timed_out": false,
      "excluded_from_timing": false,
      "train_r2": 0.9986223515012593,
      "train_rmse": 0.02172125038223275,
      "extrap_r2_near": null,
      "extrap_r2_medium": null,
      "extrap_r2_far": null,
      "extrap_rmse_near": null,
      "extrap_rmse_medium": null,
      "extrap_rmse_far": null,
      "sr_time_s": 545.411613702774,
      "llm_time_s": 0.0,
      "total_time_s": 545.411613702774,
      "best_expression": "((log(ratio_A_HA) * 0.43388322) + 4.7492666) - (-6.976784e-5 / (HA - ((HA ^ sqrt(A ^ exp(ratio_A_HA ^ A))) ^ ((ratio_A_HA + (log(ratio_A_HA) * -0.4079962)) ^ 0.41192275))))",
      "complexity": 172,
      "llm_expression": null,
      "llm_confidence": null,
      "engine_version": "5.4",
      "scale_log": false,
      "rmse_original_units": 0.02172125038223275,
      "llm_mode_used": "hybrid",
      "validation_score": 85.8
    }
  },
  "2": {
    "name": "Rate Law",
    "domain": "Chemistry",
    "pysr_only": {
      "condition": "pysr_only",
      "success": true,
      "timed_out": false,
      "excluded_from_timing": false,
      "train_r2": 0.9976544789519487,
      "train_rmse": 0.038343422877584396,
      "extrap_r2_near": 0.9999618833699813,
      "extrap_r2_medium": 0.999989864981707,
      "extrap_r2_far": 0.9999618833699813,
      "extrap_rmse_near": 0.012163100078799366,
      "extrap_rmse_medium": 0.03865640657815646,
      "extrap_rmse_far": 0.7784384050431594,
      "sr_time_s": 1101.154388666153,
      "llm_time_s": 0.0,
      "total_time_s": 1101.1772079467773,
      "best_expression": "A*B*A*0.50073624",
      "complexity": 7,
      "llm_expression": null,
      "llm_confidence": null
    },
    "hypatia": {
      "condition": "hypatia",
      "success": true,
      "timed_out": false,
      "excluded_from_timing": false,
      "train_r2": 0.9980690454794194,
      "train_rmse": 0.03479022476431571,
      "extrap_r2_near": null,
      "extrap_r2_medium": null,
      "extrap_r2_far": null,
      "extrap_rmse_near": null,
      "extrap_rmse_medium": null,
      "extrap_rmse_far": null,
      "sr_time_s": 515.0167949199677,
      "llm_time_s": 0.0,
      "total_time_s": 515.0167949199677,
      "best_expression": "(((log(A) * (-0.002844633 / (log(B) + ((log(ratio_B_A) * ratio_A_B) * (-0.022837223 / B))))) + (A * (B * 0.50353134))) * A) - 0.0055226586",
      "complexity": 138,
      "llm_expression": null,
      "llm_confidence": null,
      "engine_version": "5.4",
      "scale_log": false,
      "rmse_original_units": 0.03479022476431571,
      "llm_mode_used": "hybrid",
      "validation_score": 78.0
    }
  },
  "3": {
    "name": "Value at Risk",
    "domain": "DeFi Risk",
    "pysr_only": {
      "condition": "pysr_only",
      "success": true,
      "timed_out": false,
      "excluded_from_timing": false,
      "train_r2": 0.9979373376368369,
      "train_rmse": 15.480331625739169,
      "extrap_r2_near": 0.9999434327167845,
      "extrap_r2_medium": 0.999992122632173,
      "extrap_r2_far": 0.9999434327167845,
      "extrap_rmse_near": 3.1791799207091325,
      "extrap_rmse_medium": 13.806296001130441,
      "extrap_rmse_far": 50.86687873134612,
      "sr_time_s": 1101.0979402065277,
      "llm_time_s": 0.0,
      "total_time_s": 1101.1234567165375,
      "best_expression": "P*1.6469796*sigma",
      "complexity": 5,
      "llm_expression": null,
      "llm_confidence": null
    },
    "hypatia": {
      "condition": "hypatia",
      "success": true,
      "timed_out": false,
      "excluded_from_timing": false,
      "train_r2": 0.9979327785830697,
      "train_rmse": 15.497430088042908,
      "extrap_r2_near": 1.0,
      "extrap_r2_medium": 1.0,
      "extrap_r2_far": 1.0,
      "extrap_rmse_near": 0.0,
      "extrap_rmse_medium": 0.0,
      "extrap_rmse_far": 0.0,
      "sr_time_s": 5.522125482559204,
      "llm_time_s": 0.0,
      "total_time_s": 5.522125482559204,
      "best_expression": "P * sigma * 1.645",
      "complexity": 17,
      "llm_expression": null,
      "llm_confidence": null,
      "engine_version": "5.4",
      "scale_log": false,
      "rmse_original_units": 15.497430088042908,
      "llm_mode_used": "hybrid_llm_only",
      "validation_score": 100.0
    }
  },
  "4": {
    "name": "Liquidation Price",
    "domain": "DeFi Risk",
    "pysr_only": {
      "condition": "pysr_only",
      "success": true,
      "timed_out": false,
      "excluded_from_timing": false,
      "train_r2": 0.9973886878332984,
      "train_rmse": 48.81099052380747,
      "extrap_r2_near": 0.9999709580282601,
      "extrap_r2_medium": 0.9999989154012058,
      "extrap_r2_far": 0.9999986433513313,
      "extrap_rmse_near": 3.4303778415845523,
      "extrap_rmse_medium": 4.330904580824672,
      "extrap_rmse_far": 3.4303778415852357,
      "sr_time_s": 1101.3053011894226,
      "llm_time_s": 0.0,
      "total_time_s": 1101.3334157466888,
      "best_expression": "p0*(L - 1.2466251)/L",
      "complexity": 7,
      "llm_expression": null,
      "llm_confidence": null
    },
    "hypatia": {
      "condition": "hypatia",
      "success": true,
      "timed_out": false,
      "excluded_from_timing": false,
      "train_r2": 0.9976748263640015,