{
  "0": {
    "name": "Allometric Scaling",
    "domain": "Biology",
    "pysr_only": {
      "condition": "pysr_only",
      "success": true,
      "timed_out": false,
      "excluded_from_timing": false,
      "train_r2": 0.9977366067650391,
      "train_rmse": 0.03967399498450991,
      "extrap_r2_near": 0.9999827536987665,
      "extrap_r2_medium": 0.9999985503469366,
      "extrap_r2_far": 0.9999827536987665,
      "extrap_rmse_near": 0.001425747945822485,
      "extrap_rmse_medium": 0.002710141368206393,
      "extrap_rmse_far": 0.00403262416301521,
      "sr_time_s": 1116.0823316574097,
      "llm_time_s": 0.0,
      "total_time_s": 1116.1219384670258,
      "best_expression": "0.10003876748541*sqrt(M**(3/2))",
      "complexity": 7,
      "llm_expression": null,
      "llm_confidence": null
    },
    "hypatia": {
      "condition": "hypatia",
      "success": true,
      "timed_out": false,
      "excluded_from_timing": false,
      "train_r2": 0.9978755447548711,
      "train_rmse": 0.038437020961417157,
      "extrap_r2_near": 0.9824123160575544,
      "extrap_r2_medium": 0.9502256692060533,
      "extrap_r2_far": -0.0644310329488973,
      "extrap_rmse_near": 0.04553015167687039,
      "extrap_rmse_medium": 0.5021837107769882,
      "extrap_rmse_far": 1.0018403704338052,
      "sr_time_s": 415.06626868247986,
      "llm_time_s": 0.0,
      "total_time_s": 415.06626868247986,
      "best_expression": "log(sqrt(sqrt(sqrt(((M * M) ^ (sqrt(M) * 0.27575323)) * 0.8109628) + (log((M * M) + -0.5271865) ^ (exp(log(sqrt(M - 0.4375651))) * 0.25009537)))))",
      "complexity": 146,
      "llm_expression": null,
      "llm_confidence": null,
      "engine_version": "5.4",
      "scale_log": false,
      "rmse_original_units": 0.038437020961417157,
      "llm_mode_used": "hybrid",
      "validation_score": 91.0
    }
  },
  "1": {
    "name": "Michaelis-Menten",
    "domain": "Biology",
    "pysr_only": {
      "condition": "pysr_only",
      "success": true,
      "timed_out": false,
      "excluded_from_timing": false,
      "train_r2": 0.9975267153848668,
      "train_rmse": 0.08999152116739426,
      "extrap_r2_near": 0.9889968804327207,
      "extrap_r2_medium": 0.9950811344101756,
      "extrap_r2_far": 0.6470654392573452,
      "extrap_rmse_near": 0.02167633679097203,
      "extrap_rmse_medium": 0.034361267205342064,
      "extrap_rmse_far": 0.0462202801270486,
      "sr_time_s": 1101.0650839805603,
      "llm_time_s": 0.0,
      "total_time_s": 1101.0903759002686,
      "best_expression": "14.222133/(1.4307275 + 2.8255613/S)",
      "complexity": 7,
      "llm_expression": null,
      "llm_confidence": null
    },
    "hypatia": {
      "condition": "hypatia",
      "success": true,
      "timed_out": false,
      "excluded_from_timing": false,
      "train_r2": 0.997940146026052,
      "train_rmse": 0.08212639542224227,
      "extrap_r2_near": null,
      "extrap_r2_medium": null,
      "extrap_r2_far": null,
      "extrap_rmse_near": null,
      "extrap_rmse_medium": null,
      "extrap_rmse_far": null,
      "sr_time_s": 399.4170241355896,
      "llm_time_s": 0.0,
      "total_time_s": 399.4170241355896,
      "best_expression": "(((0.059680533 / (((S + S) * S) - 10.045572)) / (S + ((S ^ S) - 10.169695))) / log(S + 0.003433245)) + ((S * 9.94004) / (S + 1.9761533))",
      "complexity": 136,
      "llm_expression": null,
      "llm_confidence": null,
      "engine_version": "5.4",
      "scale_log": false,
      "rmse_original_units": 0.08212639542224227,
      "llm_mode_used": "hybrid_pysr_better",
      "validation_score": 81.1
    }
  },
  "2": {
    "name": "Logistic Growth",
    "domain": "Biology",
    "pysr_only": {
      "condition": "pysr_only",
      "success": true,
      "timed_out": false,
      "excluded_from_timing": false,
      "train_r2": 0.9974717331838134,
      "train_rmse": 1.0707338239867992,
      "extrap_r2_near": 0.9996622594944443,
      "extrap_r2_medium": 0.9998257508340538,
      "extrap_r2_far": 0.9996086917968219,
      "extrap_rmse_near": 0.09658549440724984,
      "extrap_rmse_medium": 0.277501719178089,
      "extrap_rmse_far": 6.619785865243572,
      "sr_time_s": 1101.3922894001007,
      "llm_time_s": 0.0,
      "total_time_s": 1101.4193794727325,
      "best_expression": "N*(0.29928124 + N*(-0.000298659))",
      "complexity": 7,
      "llm_expression": null,
      "llm_confidence": null
    },
    "hypatia": {
      "condition": "hypatia",
      "success": true,
      "timed_out": false,
      "excluded_from_timing": false,
      "train_r2": 0.9976418886189424,
      "train_rmse": 1.0340754483380024,
      "extrap_r2_near": null,
      "extrap_r2_medium": null,
      "extrap_r2_far": null,
      "extrap_rmse_near": null,
      "extrap_rmse_medium": null,
      "extrap_rmse_far": null,
      "sr_time_s": 439.2616069316864,
      "llm_time_s": 0.0,
      "total_time_s": 439.2616069316864,
      "best_expression": "(((0.29935962 - (N * 0.0002991052)) + (0.9411991 ^ ((N * 0.16553724) * N))) * N) + (-1.6712471 / (75.33132 - (N * 0.29935962)))",
      "complexity": 127,
      "llm_expression": null,
      "llm_confidence": null,
      "engine_version": "5.4",
      "scale_log": false,
      "rmse_original_units": 1.0340754483380024,
      "llm_mode_used": "hybrid",
      "validation_score": 81.7
    }
  }
}