{
  "0": {
    "name": "Kinetic Energy",
    "domain": "Physics",
    "pysr_only": {
      "condition": "pysr_only",
      "success": true,
      "timed_out": false,
      "excluded_from_timing": false,
      "train_r2": 0.996848164036468,
      "train_rmse": 19.21978847930035,
      "extrap_r2_near": 0.9999611983641974,
      "extrap_r2_medium": 0.9999936436371719,
      "extrap_r2_far": 0.9999611983641974,
      "extrap_rmse_near": 6.603526484015562,
      "extrap_rmse_medium": 127.95987053209561,
      "extrap_rmse_far": 422.625694976996,
      "sr_time_s": 1115.255752325058,
      "llm_time_s": 0.0,
      "total_time_s": 1115.2896876335144,
      "best_expression": "v*v*m*0.49918446",
      "complexity": 7,
      "llm_expression": null,
      "llm_confidence": null
    },
    "hypatia": {
      "condition": "hypatia",
      "success": true,
      "timed_out": false,
      "excluded_from_timing": false,
      "train_r2": 0.9968442049259917,
      "train_rmse": 19.231855951413504,
      "extrap_r2_near": 1.0,
      "extrap_r2_medium": 1.0,
      "extrap_r2_far": 1.0,
      "extrap_rmse_near": 0.0,
      "extrap_rmse_medium": 0.0,
      "extrap_rmse_far": 0.0,
      "sr_time_s": 4.306483507156372,
      "llm_time_s": 0.0,
      "total_time_s": 4.306483507156372,
      "best_expression": "0.5 * m * v**2",
      "complexity": 14,
      "llm_expression": null,
      "llm_confidence": null,
      "engine_version": "5.4",
      "scale_log": false,
      "rmse_original_units": 19.231855951413504,
      "llm_mode_used": "hybrid_llm_only",
      "validation_score": 100.0
    }
  },
  "1": {
    "name": "Gravitational Force",
    "domain": "Physics",
    "pysr_only": {
      "condition": "pysr_only",
      "success": true,
      "timed_out": false,
      "excluded_from_timing": false,
      "train_r2": 0.9976024160632548,
      "train_rmse": 0.029396123599439123,
      "extrap_r2_near": 0.9973193273560819,
      "extrap_r2_medium": 0.9997678446657133,
      "extrap_r2_far": 0.9973193273560819,
      "extrap_rmse_near": 0.00010802422451961076,
      "extrap_rmse_medium": 0.02299931889736579,
      "extrap_rmse_far": 0.00010802422451961076,
      "sr_time_s": 1101.1174840927124,
      "llm_time_s": 0.0,
      "total_time_s": 1101.1422815322876,
      "best_expression": "m1/(r*((15211142000.0/((m2/r)))))",
      "complexity": 9,
      "llm_expression": null,
      "llm_confidence": null
    },
    "hypatia": {
      "condition": "hypatia",
      "success": true,
      "timed_out": false,
      "excluded_from_timing": false,
      "train_r2": 0.9888967846804347,
      "train_rmse": 0.027780839061118976,
      "extrap_r2_near": -Infinity,
      "extrap_r2_medium": -Infinity,
      "extrap_r2_far": -Infinity,
      "extrap_rmse_near": Infinity,
      "extrap_rmse_medium": Infinity,
      "extrap_rmse_far": Infinity,
      "sr_time_s": 513.7471787929535,
      "llm_time_s": 0.0,
      "total_time_s": 513.7471787929535,
      "best_expression": "((0.044589132 ^ sqrt((r - ((m1 * m2) * 0.044589132)) ^ ((m2 / ((m2 * 0.044589132) * (m2 - sqrt(0.4773446)))) + sqrt(sqrt(0.5051596))))) / 1.0344293) + 0.0005371784",
      "complexity": 163,
      "llm_expression": null,
      "llm_confidence": null,
      "engine_version": "5.4",
      "scale_log": true,
      "rmse_original_units": 0.027780839061118976,
      "llm_mode_used": "hybrid",
      "validation_score": 91.0
    }
  },
  "2": {
    "name": "Ideal Gas Law",
    "domain": "Physics",
    "pysr_only": {
      "condition": "pysr_only",
      "success": true,
      "timed_out": false,
      "excluded_from_timing": false,
      "train_r2": 0.9975545419665467,
      "train_rmse": 3633.1460160381275,
      "extrap_r2_near": 0.9999860581079604,
      "extrap_r2_medium": 0.9999982506097314,
      "extrap_r2_far": 0.9999860581079604,
      "extrap_rmse_near": 18.99254586579283,
      "extrap_rmse_medium": 28.591989405236035,
      "extrap_rmse_far": 75.97018346317132,
      "sr_time_s": 1101.1313438415527,
      "llm_time_s": 0.0,
      "total_time_s": 1101.1534974575043,
      "best_expression": "T*n/((V*0.12019816))",
      "complexity": 7,
      "llm_expression": null,
      "llm_confidence": null
    },
    "hypatia": {
      "condition": "hypatia",
      "success": true,
      "timed_out": false,
      "excluded_from_timing": false,
      "train_r2": 0.9979630530063369,
      "train_rmse": 3315.832698355914,
      "extrap_r2_near": 0.9988412563642978,
      "extrap_r2_medium": 0.9998812998118956,
      "extrap_r2_far": 0.9992570237871203,
      "extrap_rmse_near": 173.1474129816667,
      "extrap_rmse_medium": 235.5194208191528,
      "extrap_rmse_far": 554.5871113257276,
      "sr_time_s": 218.7377712726593,
      "llm_time_s": 0.0,
      "total_time_s": 218.7377712726593,
      "best_expression": "7.346877e+04 * ((T + ((((n ^ (0.16183108 - V)) / (n - (V * sqrt(V ^ V)))) - 0.9205522) / ((V * V) + -0.23093367))) * (0.00011260967 * (n / V)))",
      "complexity": 143,
      "llm_expression": null,
      "llm_confidence": null,
      "engine_version": "5.4",
      "scale_log": false,
      "rmse_original_units": 3315.832698355914,
      "llm_mode_used": "hybrid",
      "validation_score": 100.0
    }
  }
}