{
  "0": {
    "name": "Impermanent Loss",
    "domain": "DeFi AMM",
    "pysr_only": {
      "condition": "pysr_only",
      "success": true,
      "timed_out": false,
      "excluded_from_timing": false,
      "train_r2": 0.9971489857908016,
      "train_rmse": 0.0849054938466612,
      "extrap_r2_near": 0.7702978562521688,
      "extrap_r2_medium": -2.783238476106947,
      "extrap_r2_far": -157.07764267294365,
      "extrap_rmse_near": 1.086430807526287,
      "extrap_rmse_medium": 20.55065823763047,
      "extrap_rmse_far": 35.13434834701735,
      "sr_time_s": 1115.3808166980743,
      "llm_time_s": 0.0,
      "total_time_s": 1115.4165241718292,
      "best_expression": "17.335577 - 31.96057*cos(cos(log(r)))",
      "complexity": 8,
      "llm_expression": null,
      "llm_confidence": null
    },
    "hypatia": {
      "condition": "hypatia",
      "success": true,
      "timed_out": false,
      "excluded_from_timing": false,
      "train_r2": 0.9977470513734703,
      "train_rmse": 0.07547649878182523,
      "extrap_r2_near": 0.9638981939531588,
      "extrap_r2_medium": -80.43269276378494,
      "extrap_r2_far": -8259.307931723319,
      "extrap_rmse_near": 0.4307090650790636,
      "extrap_rmse_medium": 95.34397977451283,
      "extrap_rmse_far": 253.97723813864363,
      "sr_time_s": 395.21671080589294,
      "llm_time_s": 0.0,
      "total_time_s": 395.21671080589294,
      "best_expression": "((sqrt(r) * 39.177658) + (-9.245161 / r)) - (((31.929365 - (r ^ 1.5704634)) * r) - sqrt(r - (-0.00070559245 / (((sqrt(r) - 1.2260672) / 0.34127676) / r))))",
      "complexity": 155,
      "llm_expression": null,
      "llm_confidence": null,
      "engine_version": "5.4",
      "scale_log": false,
      "rmse_original_units": 0.07547649878182523,
      "llm_mode_used": "hybrid",
      "validation_score": 90.4
    }
  },
  "1": {
    "name": "Price Impact",
    "domain": "DeFi AMM",
    "pysr_only": {
      "condition": "pysr_only",
      "success": true,
      "timed_out": false,
      "excluded_from_timing": false,
      "train_r2": 0.9975748882943846,
      "train_rmse": 0.0006518087784667949,
      "extrap_r2_near": 1.0,
      "extrap_r2_medium": 1.0,
      "extrap_r2_far": 1.0,
      "extrap_rmse_near": 0.0,
      "extrap_rmse_medium": 0.0,
      "extrap_rmse_far": 0.0,
      "sr_time_s": 1101.0199642181396,
      "llm_time_s": 0.0,
      "total_time_s": 1101.0448548793793,
      "best_expression": "dx/(dx + x)",
      "complexity": 5,
      "llm_expression": null,
      "llm_confidence": null
    },
    "hypatia": {
      "condition": "hypatia",
      "success": true,
      "timed_out": false,
      "excluded_from_timing": false,
      "train_r2": 0.9975748882943846,
      "train_rmse": 0.0006518087784667949,
      "extrap_r2_near": 1.0,
      "extrap_r2_medium": 1.0,
      "extrap_r2_far": 1.0,
      "extrap_rmse_near": 0.0,
      "extrap_rmse_medium": 0.0,
      "extrap_rmse_far": 0.0,
      "sr_time_s": 5.9312145709991455,
      "llm_time_s": 0.0,
      "total_time_s": 5.9312145709991455,
      "best_expression": "dx / (x + dx)",
      "complexity": 13,
      "llm_expression": null,
      "llm_confidence": null,
      "engine_version": "5.4",
      "scale_log": false,
      "rmse_original_units": 0.0006518087784667949,
      "llm_mode_used": "hybrid_llm_only",
      "validation_score": 88.0
    }
  },
  "2": {
    "name": "Constant Product",
    "domain": "DeFi AMM",
    "pysr_only": {
      "condition": "pysr_only",
      "success": true,
      "timed_out": false,
      "excluded_from_timing": false,
      "train_r2": 0.9982280331199682,
      "train_rmse": 45.135375848403,
      "extrap_r2_near": 0.9995690255450068,
      "extrap_r2_medium": 0.9999700861502537,
      "extrap_r2_far": 0.9995690255450068,
      "extrap_rmse_near": 0.19667847222805954,
      "extrap_rmse_medium": 0.10965595892075355,
      "extrap_rmse_far": 0.049169618057014884,
      "sr_time_s": 1101.0356085300446,
      "llm_time_s": 0.0,
      "total_time_s": 1101.0634336471558,
      "best_expression": "9976.051/x",
      "complexity": 3,
      "llm_expression": null,
      "llm_confidence": null
    },
    "hypatia": {
      "condition": "hypatia",
      "success": true,
      "timed_out": false,
      "excluded_from_timing": false,
      "train_r2": 0.9985000299931034,
      "train_rmse": 41.52699931217451,
      "extrap_r2_near": -18071.497515601393,
      "extrap_r2_medium": -5.416463449115516e+34,
      "extrap_r2_far": -1.8519587853051915e+46,
      "extrap_rmse_near": 1273.6208155398422,
      "extrap_rmse_medium": 4.666099457746893e+18,
      "extrap_rmse_far": 3.223196099960083e+23,
      "sr_time_s": 341.91457056999207,
      "llm_time_s": 0.0,
      "total_time_s": 341.91457056999207,
      "best_expression": "((2182.107 + ((((x * (0.7260975 ^ x)) + 1.1191242) ^ x) / (1.313488 - x))) / (x * 0.21773179)) + ((0.7260975 / ((-47.008987 / x) + 1.3301849)) + 2.3232205)",
      "complexity": 155,
      "llm_expression": null,
      "llm_confidence": null,
      "engine_version": "5.4",
      "scale_log": false,
      "rmse_original_units": 41.52699931217451,
      "llm_mode_used": "hybrid_pysr_better",
      "validation_score": 83.8
    }
  }
}